TeamId,TeamName,SubmissionDate,Score
6815503,DungNB,"2021-08-08 03:56:39",0.635
6818936,"A Team","2021-08-09 00:18:53",0.634
6815267,"[Aillis] Yuji & Ian","2021-08-09 12:24:37",0.634
6823597,"RTX 4090","2021-08-09 14:58:43",0.631
6817202,"Ayushman   Nischay   Shivam","2021-08-09 14:15:50",0.628
6903817,"Quanta AI Lab","2021-08-08 11:19:49",0.628
6968613,"[dsmlkz] School Zerde","2021-08-09 14:53:23",0.626
6839557,"RTX 3090","2021-08-09 14:38:40",0.625
6817029,Watercooled,"2021-08-09 13:43:23",0.625
6815527,"Guanshuo Xu","2021-08-09 14:22:33",0.624
6861408,∫ℳΓϒℏ,"2021-08-09 03:45:55",0.624
6815226,Inoichan,"2021-08-09 16:14:31",0.623
7013014,CGG,"2021-08-09 14:39:58",0.623
6882877,D.Imanishi,"2021-08-09 09:15:31",0.622
6822877,Yuval-Nurit-Rafi-OrKatz,"2021-08-09 14:24:51",0.622
6820844,Magikarp,"2021-08-09 10:59:15",0.621
6822372,__________,"2021-08-09 15:20:21",0.621
6897960,LvLanLanLanLv,"2021-08-09 14:43:40",0.621
6815184,"BabaCondaRabbit -trust us","2021-08-09 15:38:44",0.621
6820661,"Covid go away","2021-08-09 17:25:50",0.620
6887924,IceKredit,"2021-08-09 14:37:44",0.619
6818118,"fate & atom1231","2021-08-09 16:48:53",0.619
6859268,"Rai - adityasinha","2021-08-09 17:21:02",0.619
6817301,"Hungry for gold","2021-08-09 17:22:32",0.619
7035105,"Eduardo Rocha de Andrade","2021-08-09 20:17:46",0.619
7164020,"mHealth Lab","2021-08-09 18:32:34",0.619
6821404,"Gold diggers","2021-08-09 10:10:13",0.617
6924944,Amalgam,"2021-08-09 15:18:09",0.617
6995489,rise,"2021-08-09 16:27:53",0.616
7056519,Yolo,"2021-08-09 16:10:14",0.616
6833650,"Shashwat Raman","2021-08-09 17:44:18",0.616
6928742,欢迎来到混沌,"2021-08-09 09:50:46",0.615
6826446,Train4Ever,"2021-08-09 14:18:43",0.615
6816583,"Ahmed El Bakry","2021-08-09 18:08:08",0.615
6820941,Schwert,"2021-08-09 16:37:51",0.614
6817615,"Shihao Shao","2021-08-09 16:51:55",0.614
6899150,DSB01,"2021-08-09 15:21:27",0.614
6824358,"Kerem Turgutlu","2021-07-21 05:14:45",0.614
6816328,¿,"2021-08-09 14:57:19",0.613
6856466,"Emin Ozturk","2021-08-03 09:05:10",0.613
6962879,[Kor]COVID-solver,"2021-08-09 17:20:36",0.613
6992753,x,"2021-08-09 15:36:05",0.613
6854977,DQGS,"2021-08-09 17:14:45",0.613
6914709,"Manuel Campos","2021-08-09 14:31:08",0.612
6822235,"Agastya Kumar","2021-08-09 17:25:51",0.612
6835816,amaxer,"2021-08-09 04:13:52",0.612
6833167,kozistr,"2021-08-09 02:33:31",0.612
6877896,OmarArias86,"2021-08-08 14:54:39",0.612
6976011,4RIL,"2021-08-09 16:58:32",0.611
7057632,CroDoc,"2021-08-09 12:46:55",0.611
6831725,Statking,"2021-08-09 12:41:13",0.611
6978211,Oltau.ai,"2021-08-09 19:48:09",0.611
6883213,Aksell,"2021-08-09 13:37:41",0.611
7123696,taricchen,"2021-08-09 04:49:03",0.611
6840829,baspan_ka_pyaar.[CyberLabs],"2021-08-09 16:59:45",0.611
6874392,PIkachu,"2021-08-09 16:34:33",0.610
7112499,"not not to be","2021-08-09 04:00:46",0.610
6827782,DIGIMAN,"2021-08-09 18:02:30",0.610
6842712,erkut-oguzhan,"2021-08-09 20:01:59",0.610
6822953,"Mikhail Gurevich","2021-08-09 14:33:48",0.610
6820765,MasayaMatsuda,"2021-08-09 20:52:41",0.610
6997322,chadwick,"2021-08-07 02:28:09",0.610
6849868,furu,"2021-08-09 15:02:48",0.610
6833977,"Puck Wang","2021-08-09 10:05:21",0.610
6815520,"Alone in the dark","2021-08-09 12:32:07",0.609
6837056,Fideuà,"2021-08-08 21:50:29",0.609
6830889,Lianne,"2021-08-09 14:20:15",0.609
6854803,Zonipy,"2021-08-09 12:26:42",0.609
6835906,AZgeum,"2021-08-09 14:54:27",0.608
7025205,Lourie,"2021-08-08 03:08:37",0.608
7067379,"Andrew Didenko","2021-08-09 08:49:59",0.608
6816907,kidolabo,"2021-08-09 16:56:14",0.608
6839531,sushi,"2021-08-09 15:32:53",0.608
6985227,"Yuki & schulta","2021-08-09 16:18:22",0.607
6816761,T-yaiga,"2021-08-09 15:14:59",0.607
6852670,"TEY KAIHONG","2021-08-08 16:36:15",0.607
6898268,ilovekaggletoo,"2021-08-09 10:11:02",0.607
6854594,jp-xx,"2021-08-06 08:34:49",0.606
6850082,"Tung Shu-Cheng","2021-08-09 14:45:28",0.606
6819319,KS,"2021-08-09 14:29:13",0.606
6851052,"Lior Toledano","2021-08-09 16:23:34",0.606
6965371,R,"2021-08-09 20:12:34",0.606
6905018,KuntAI,"2021-08-09 09:18:17",0.606
6816523,"Hung Khoi","2021-08-09 19:48:28",0.605
6899542,"Shivaprasad Kallimani","2021-08-09 18:07:27",0.605
6932966,"Give me your hand","2021-08-09 17:57:12",0.605
6825838,AsadKhan,"2021-08-09 16:07:59",0.605
6936611,"Kuo-Hsin Tu","2021-08-09 15:22:56",0.605
6837945,CMUH-AIC,"2021-08-09 13:19:48",0.604
6817959,AMPS,"2021-08-09 21:01:26",0.604
6995650,"The Revenant","2021-08-09 19:19:06",0.604
6851648,Illidefont,"2021-08-09 18:58:17",0.604
6988023,CFI,"2021-08-08 09:42:52",0.604
6822524,greylord1996,"2021-08-08 23:50:17",0.604
7008935,Oz,"2021-08-09 16:28:01",0.604
7019796,werecov,"2021-08-09 13:40:00",0.604
6887002,LuzhangCV,"2021-08-09 07:05:32",0.604
6828940,JinMing,"2021-08-09 12:30:04",0.604
6824356,KWK,"2021-08-09 16:16:55",0.603
6815262,takuoko,"2021-08-09 13:47:41",0.603
6818606,"Andrey Zotov","2021-08-08 10:12:20",0.603
6831476,:\,"2021-08-05 09:15:36",0.603
6913673,"Future Gadget Lab 2025","2021-08-09 13:27:22",0.603
6878049,Cerebrum,"2021-08-09 15:06:53",0.603
6844726,吾乃又卷又菜之卷心菜,"2021-08-09 18:27:14",0.603
6983694,"Valery Nikiforov","2021-08-04 19:41:16",0.603
7011239,"Alexis Gassmann","2021-08-09 14:56:16",0.602
7016823,youyou,"2021-08-09 12:28:55",0.602
6961640,SeongwookLee,"2021-08-08 10:50:21",0.602
6819032,Swift,"2021-08-09 22:09:03",0.602
6904894,"NMT Hiếu","2021-08-08 12:43:36",0.602
6972552,Tani_1961,"2021-08-09 01:51:22",0.602
6831877,:),"2021-08-09 07:33:58",0.601
6822751,"Raghawendra Singh","2021-08-09 17:12:08",0.601
6819311,Alien,"2021-08-09 15:34:56",0.601
6820662,"Final Push","2021-08-09 15:15:59",0.601
6815526,[百折不撓の]tanuki,"2021-08-09 15:18:55",0.601
6926092,"isaac in","2021-08-09 18:16:26",0.601
6817558,"Artem Toporov","2021-08-09 06:40:56",0.601
6853753,"Sachin Rastogi","2021-08-09 18:56:26",0.601
6865988,eigaas,"2021-08-08 22:23:01",0.601
6818031,HuaiDuWu,"2021-08-09 11:40:50",0.601
6915423,"hello kaggle","2021-08-09 13:34:21",0.601
6815733,"Aman Arora","2021-08-04 02:18:12",0.601
7130315,"[Deleted] 48055be8-e3e0-4fca-8613-0de36e080431","2021-07-26 13:01:06",0.601
6822653,IC2,"2021-08-09 23:01:20",0.601
6846111,"shakedown 👇👇👇","2021-08-09 05:30:48",0.601
6815928,"-Hide On Bush-","2021-08-09 00:15:36",0.601
6830384,"Itamar Dvir","2021-08-09 23:49:41",0.601
6983035,linwangolo,"2021-08-09 17:21:11",0.601
7078747,"Nick Sergievskiy","2021-08-07 12:41:26",0.601
6828903,Synbrain,"2021-08-09 14:38:11",0.601
6815215,"[Deleted] c99beac7-8888-4cdb-9d8c-66354faf3509","2021-08-09 08:59:04",0.601
6837415,"Gleb Anferov","2021-08-03 21:39:02",0.600
7109194,SourojitBhaduri,"2021-08-09 13:40:39",0.600
6818850,"Zaakcii Ru","2021-08-09 13:06:36",0.600
6824268,Tanrei(nama),"2021-07-15 01:48:49",0.600
7131095,dlidli,"2021-08-09 13:20:33",0.600
6884117,GuruGuru,"2021-08-07 04:54:11",0.600
6853655,Nazarko,"2021-08-09 09:25:07",0.600
6828057,Elahi,"2021-08-09 11:58:50",0.599
6869241,Chairs,"2021-08-07 23:25:56",0.599
6835891,Khubchandani,"2021-08-09 14:29:45",0.599
6896333,denred0,"2021-08-09 10:58:37",0.599
6890148,PT,"2021-08-08 13:14:28",0.599
6879956,"C teams","2021-08-09 07:17:41",0.599
6909972,"Nat Bel ML Fun","2021-08-09 20:31:42",0.599
7147011,"Pritam Mishra #2","2021-08-09 19:05:04",0.599
6824885,"Prashant Kikani","2021-08-08 10:28:25",0.599
6979086,"Stepan Martyanov","2021-08-09 10:57:37",0.599
7031773,Kirderf,"2021-08-09 13:18:30",0.599
7136144,"Pritam Mishra","2021-08-09 20:14:54",0.598
6999934,GuiGui,"2021-08-03 02:17:32",0.598
6834446,SeHwanJoo,"2021-07-02 02:55:07",0.598
6837125,"Hungary for Z","2021-08-09 11:05:21",0.598
7118297,Datalife.ai,"2021-08-09 19:03:21",0.598
6855186,"Almaty AILab","2021-08-09 10:41:30",0.598
6827059,"Lawrence Tan","2021-08-09 09:31:21",0.598
6871864,"ankit maurya","2021-08-09 16:42:51",0.598
6828995,将军,"2021-08-09 18:10:14",0.598
7084709,"go corona go","2021-08-09 15:16:29",0.598
7089850,"Learning with Đặng","2021-08-09 18:13:08",0.598
6873979,Tsubasa,"2021-08-09 11:12:16",0.598
7044017,iChalice,"2021-08-04 06:35:31",0.598
6983763,givkashi,"2021-08-09 19:13:55",0.598
7122438,Tatsumi_crub,"2021-08-09 19:18:57",0.598
7171569,svm-17,"2021-08-09 13:55:15",0.598
6901531,"Tatiana Malygina","2021-08-09 04:39:56",0.598
6830736,Titans,"2021-07-31 16:16:41",0.598
6877629,SH.S.A,"2021-08-07 16:05:19",0.598
7030689,"project colab","2021-08-09 19:18:28",0.598
7023286,DCS404,"2021-08-09 12:13:47",0.598
7084688,"Dan Bilzerian","2021-08-09 15:11:57",0.598
6997606,"Lin Jerry2392","2021-08-05 13:04:25",0.598
6825919,M2R,"2021-08-09 08:47:11",0.598
6817677,Richard_Liu,"2021-08-09 06:50:48",0.598
6822382,"Good At Curve Fitting","2021-08-09 20:07:24",0.598
6910966,Gena,"2021-08-09 08:32:08",0.597
6910287,"Naresh bhat","2021-08-09 11:31:26",0.597
7129681,BIZEN,"2021-08-09 08:47:03",0.597
6914875,"Vishal Grover","2021-08-08 05:22:13",0.597
6907167,Team_UMBC,"2021-08-09 21:06:04",0.597
7163158,"Andrey Shtrauss","2021-08-09 17:14:16",0.597
6834449,rohikiyudau,"2021-08-09 12:33:49",0.597
6866891,"🥇Urvish Bhaliya🏆","2021-08-09 13:16:48",0.597
7159696,"COVID-19 🔒","2021-08-09 13:16:09",0.597
6816167,"Narendra Modi","2021-08-09 13:20:21",0.597
7038754,DeeperNet,"2021-08-09 14:07:03",0.597
6974936,"Yenhenij Pаrchevskij","2021-08-09 14:27:40",0.597
7094532,"Anand Sunderrajan","2021-08-09 16:49:25",0.597
6816188,Daxit7122,"2021-08-09 17:20:18",0.597
7171708,"QINGYANG LU","2021-08-09 19:03:00",0.597
6816166,"Nisarg Jagani","2021-08-09 19:57:57",0.597
6816211,"Roamil Kachchhi","2021-08-09 20:15:15",0.597
6855072,"Rahul Gandhi","2021-08-09 17:19:26",0.597
7033462,"Wenjun Lin","2021-08-09 17:07:15",0.597
6916827,nuranura,"2021-08-09 20:40:28",0.597
6848760,KK,"2021-08-09 17:05:04",0.597
7161743,IonDrive,"2021-08-09 18:48:48",0.597
6900134,"Harijs Ceriņš","2021-08-09 12:19:58",0.597
6945971,dacadas8,"2021-08-09 12:13:31",0.597
6817610,"Gabriel Preda","2021-08-09 19:09:05",0.597
7022752,Rajat,"2021-08-09 08:14:19",0.597
6818527,"Naruhiko Nakanishi","2021-08-09 08:51:34",0.597
7055778,linhemin,"2021-08-09 12:26:21",0.597
6845796,AnkitRai2203,"2021-08-09 06:43:14",0.597
7174892,"Justin ","2021-08-09 08:02:42",0.597
6924245,fukmats,"2021-08-09 09:46:14",0.597
6823906,AndNov,"2021-08-09 10:50:26",0.597
7056702,"Eiji Hirokawa","2021-08-09 11:18:40",0.597
7005805,mxy8086,"2021-08-09 14:28:27",0.597
6937209,ZhexinJiang,"2021-08-09 16:06:24",0.597
6847579,"Dmitry Kozlov","2021-08-09 19:30:29",0.597
7116918,"Mr ma","2021-08-07 03:38:03",0.597
6925642,"Victor Fernandez Albor","2021-08-09 19:44:49",0.597
6921826,"kapil katrodiya","2021-08-09 10:02:38",0.597
6881303,"G@me Changer","2021-08-08 10:49:28",0.597
6838612,"Niranjan Nakkala","2021-08-08 11:14:12",0.597
6982755,"Anurag Trivedi","2021-08-08 11:14:28",0.597
6817684,"Ammar Alhaj Ali","2021-08-09 10:54:02",0.597
7012003,Jorr,"2021-08-08 12:54:13",0.597
6907150,amirreza_sara,"2021-08-08 13:51:44",0.597
6815181,"Bo Peng","2021-08-08 19:17:36",0.597
7028401,"Masoud Farivar","2021-08-09 11:06:24",0.597
6837473,"Mark Conway","2021-08-08 23:56:09",0.597
6858398,"[Deleted] 3d97d7d0-66cb-4f1c-a647-ae7feb73d0ed","2021-08-09 16:14:24",0.597
6844138,tkyg,"2021-08-09 03:20:03",0.597
6960840,sek788432,"2021-08-09 03:37:08",0.597
6843034,mlslayer,"2021-08-09 18:47:46",0.597
7163176,d0rj_,"2021-08-09 12:11:21",0.597
6818834,"Wonjun Park🏆","2021-08-09 12:55:11",0.597
6920939,SHARKLOVEDA,"2021-08-09 05:52:56",0.597
6874906,BONC_ISee,"2021-08-09 06:08:42",0.597
6816198,kapilkks,"2021-08-09 13:15:55",0.597
7102950,masoud.rezaei@tecvico,"2021-08-09 13:28:35",0.597
6818932,Ashutosh,"2021-08-09 11:12:19",0.597
7002428,UCSD_TripleC,"2021-08-09 14:04:06",0.597
6823494,"Möbius ","2021-08-09 19:11:08",0.597
7074529,"Pavel Shunkevich","2021-08-09 16:24:09",0.597
6938990,ROAMIL1810,"2021-08-09 17:10:43",0.597
6815558,KhanhVD,"2021-08-09 15:24:22",0.597
6829757,Nin7a1,"2021-08-08 02:37:27",0.597
6843846,Mike_hata,"2021-08-09 19:02:33",0.597
7107243,"Xin Sui","2021-08-09 20:27:50",0.597
6898477,kojimar,"2021-08-07 10:16:35",0.597
6857522,"Andy Jian Zhou","2021-08-07 10:52:49",0.597
6878838,xuxu_sky,"2021-08-09 05:02:20",0.597
7008420,"Hitesh kumar ","2021-08-09 17:13:09",0.597
6829285,"Van-Tien Pham","2021-08-09 14:46:09",0.597
6816408,"Kamal Das","2021-08-09 15:37:19",0.597
6870766,Izotov,"2021-08-09 13:01:09",0.597
6920067,"Jaskirat Singh","2021-08-07 19:16:45",0.597
6908395,shogo_asa,"2021-08-09 04:15:35",0.597
6892675,rähmä.ai,"2021-08-09 17:14:10",0.597
6958480,"Ray Melius","2021-08-09 11:19:09",0.597
7033270,AkiraIshikawa,"2021-08-09 14:44:03",0.597
6971743,jiayu,"2021-08-09 15:37:02",0.597
7009213,"Hossein Masoumi Karakani","2021-08-08 10:33:52",0.597
6941769,DanTe,"2021-08-08 20:13:35",0.597
7176670,Stayhungry,"2021-08-08 17:06:56",0.597
6996009,"Moinak Bhattacharya","2021-08-09 16:40:48",0.597
6971982,小金毛,"2021-08-09 05:05:59",0.597
7136064,"Nguyễn Hoàng Hiệp","2021-08-09 05:59:49",0.597
6934260,HOKAGE,"2021-08-09 08:19:10",0.597
6822931,TeamMed,"2021-08-09 13:46:32",0.597
6912737,Swikwislkdj,"2021-08-09 18:37:59",0.597
6871825,"Фанаты Влада Офицерова","2021-08-09 21:09:23",0.597
6816151,"Laxmikant Nishad","2021-08-08 05:14:46",0.597
6843569,"Riku Suzuki","2021-08-09 14:50:59",0.597
6828040,"laxman kusuma","2021-08-08 15:02:48",0.597
6851953,Satoshi_SsSs,"2021-08-09 19:37:22",0.597
6824684,"Suman Sahoo","2021-08-09 17:17:52",0.597
7169306,"Bala Vashan","2021-08-08 17:47:16",0.597
6832665,maze508,"2021-08-09 04:14:12",0.597
6949780,Anshul_Anamika_Affine,"2021-08-09 07:11:38",0.597
6862666,BTR,"2021-08-09 07:59:29",0.597
6816164,"Rishi Patel","2021-08-09 16:38:56",0.597
7176523,tefuxu,"2021-08-09 05:35:39",0.597
7037767,aiHbbL,"2021-08-09 06:37:35",0.597
7125034,_whitecat_22,"2021-08-09 07:01:16",0.597
6874400,"tensor choko","2021-08-09 07:16:11",0.597
6816183,"Vidhen Chauhan","2021-08-09 08:08:16",0.597
6869222,"Radmir Zosimov","2021-08-09 08:38:13",0.597
6869898,"Sergey Zhitansky","2021-08-09 09:28:59",0.597
6907767,"harshit jain","2021-08-09 10:51:16",0.597
6906659,"Nishanth Addagatla","2021-08-09 10:53:09",0.597
7013516,Lotes,"2021-08-09 12:02:19",0.597
6816278,CovidFighters,"2021-08-09 12:09:14",0.597
6939573,AL,"2021-08-09 14:33:19",0.597
7081570,leesuaa,"2021-08-09 16:05:17",0.597
6868899,kuwano,"2021-08-09 16:38:39",0.597
6820794,DanceRhythm,"2021-08-09 16:47:20",0.597
6914845,Andrij,"2021-08-09 17:07:45",0.597
6819237,AcidNets,"2021-08-09 17:31:52",0.597
6954751,"Frank Pang","2021-08-09 17:35:26",0.597
6877639,"Mehul Sampat","2021-08-09 20:21:52",0.597
6920572,authman,"2021-08-09 20:52:19",0.597
6989037,ywakizaka,"2021-08-09 19:15:13",0.597
6829124,ChoiDuLee,"2021-08-09 19:48:29",0.597
6939026,"Deadline Fighter","2021-08-02 14:15:10",0.597
7179381,iWasOmen,"2021-08-09 21:19:37",0.597
6889240,omarsamir,"2021-08-09 20:15:56",0.597
7037698,deep-hackernn,"2021-08-09 11:10:25",0.597
6830477,"Old Monk","2021-08-07 17:09:30",0.597
6901295,"Highly Undetectable","2021-08-09 21:19:24",0.597
6888910,"Aleksandr Kruchinin","2021-07-27 14:21:17",0.597
7117702,gopalm-ai,"2021-07-24 01:56:15",0.597
6857740,"Akira Hirohashi","2021-07-31 12:13:36",0.597
6816203,smokyjp,"2021-07-24 06:43:33",0.597
7107250,"Ankit Singh","2021-07-27 19:37:38",0.597
6947916,"Alexander  Larko","2021-07-28 03:17:16",0.597
6822973,"Anti-cheat 55Kai","2021-07-29 10:17:08",0.597
7164989,scsun123,"2021-08-01 04:42:33",0.597
6909680,Kaushal,"2021-08-01 04:38:35",0.597
6879588," Zhongjie Wang","2021-08-07 12:26:30",0.597
6848114,"Alexandru Ionescu","2021-08-07 09:24:32",0.597
7133064,Aiedward,"2021-08-04 00:32:22",0.597
6908682,Phuc,"2021-08-04 10:17:27",0.597
7120698,"Anton Wang","2021-08-09 11:55:42",0.597
7157549,alijs,"2021-08-06 17:54:12",0.597
6822067,"Paul Tan","2021-08-08 17:51:34",0.597
6817417,"Dr. Amrit","2021-07-27 16:22:01",0.597
7092430,andrekos,"2021-08-06 22:09:55",0.597
7069525,XiaoYF,"2021-07-24 05:49:02",0.597
6815234,"Sinan Calisir","2021-07-22 19:25:51",0.597
6835202,Elga,"2021-07-25 15:24:57",0.597
6932553,JiangLinzhi,"2021-07-23 04:07:39",0.597
6842056,"dragon zhang","2021-08-06 11:45:26",0.597
6878389,"Abhishek Prithvi Teja","2021-07-23 05:21:30",0.597
7134158,zeboim,"2021-07-23 05:26:05",0.597
6821449,"Binh Nguyen","2021-07-28 15:12:18",0.597
7065747,"Seonok Kim","2021-08-09 10:37:37",0.597
6839772,basicskywards,"2021-07-23 07:27:20",0.597
7124098,"Preeti Rana","2021-08-06 09:03:42",0.597
6871910,"soham mukherjee","2021-08-06 16:45:33",0.597
6818589,validmodel,"2021-08-07 15:26:49",0.597
7067767,"Random Variable","2021-08-01 14:48:42",0.597
6833443,jianhan,"2021-07-23 17:17:23",0.597
6821403,Li-Der,"2021-07-23 17:43:24",0.597
6816497,dashu,"2021-08-07 17:26:50",0.597
6826671,vandy,"2021-08-07 14:06:36",0.597
6981772,"Farid Haziyev","2021-07-23 19:04:43",0.597
6816627,"Mathurin Aché","2021-07-24 20:34:02",0.597
7136226,"student #2","2021-07-23 19:48:36",0.597
6907901,DmitryBeresnev,"2021-08-02 13:57:22",0.597
7137371,"Seyed ali hejazyan","2021-07-23 23:14:54",0.597
6933041,"Bishwajit Shil","2021-08-06 17:50:44",0.597
7102385,ttttttt73,"2021-08-07 22:14:23",0.597
6828404,"Haiyun Hu","2021-07-25 04:55:40",0.597
6997265,"Tuấn Lương","2021-08-04 07:10:21",0.597
6824432,"Zaicy Xu","2021-07-27 06:43:03",0.597
6837677,Alencar,"2021-08-02 14:35:56",0.597
6873108,prime,"2021-07-28 14:24:23",0.597
6857336,sarah,"2021-07-30 05:40:06",0.597
6830991,TKO_OKT,"2021-08-04 01:49:14",0.597
6827681,"jiadong zhu","2021-08-05 14:54:36",0.597
7133275,"Vitalii Mokin","2021-07-22 23:25:25",0.597
7018381,"Rajat Gupta","2021-08-09 13:12:28",0.597
7111321,"Rishiraj Acharya","2021-08-09 14:59:02",0.597
6823236,"Sunny Mulchandani","2021-08-09 18:51:47",0.597
7164598,YuxiangGreysonZhou,"2021-08-04 21:00:51",0.597
6879134,ynhuhu,"2021-07-28 04:15:02",0.597
6853844,"Ludovic CHANGEON","2021-07-27 07:11:26",0.597
7159454,projectcolab09,"2021-08-09 11:59:41",0.597
6930918,"Berrie Z","2021-08-08 19:17:58",0.597
7067103,"Puneesh Khanna","2021-07-31 19:12:39",0.597
6841052,Nandanam,"2021-08-06 17:34:01",0.597
6995915,zigo,"2021-08-09 14:19:22",0.597
7106816,JSLim7,"2021-08-08 21:24:44",0.597
7105653,ioe5,"2021-08-09 12:21:39",0.596
6828781,"Peter KK","2021-08-09 20:00:58",0.596
6997295,DL,"2021-07-09 06:38:10",0.596
6895172,･ω･;;,"2021-08-09 21:30:41",0.596
6843853,"Manoj Prabhakar","2021-08-04 13:31:58",0.596
6993078,"Jaechan Lee","2021-08-04 18:32:22",0.596
6937699,lee0s1y2,"2021-08-09 06:39:04",0.596
7133379,UIT-E10.3,"2021-08-07 09:45:05",0.596
6869386,($$$$$$$),"2021-08-09 14:58:52",0.596
6893184,"Jay Bhakhar","2021-08-07 11:14:35",0.596
6983026,rajeshtamada,"2021-08-08 12:38:25",0.596
6854306,JIAZHEN1496,"2021-08-07 12:19:37",0.596
6935427,"Krish Yadav","2021-08-07 15:45:56",0.596
6818232,"Weiming Lin","2021-08-07 18:17:50",0.596
6828293,MVS.MANOJ,"2021-08-08 04:04:17",0.596
7006322,Ossinerd,"2021-08-09 01:24:18",0.596
6821753,"Faisal Alsrheed","2021-08-08 16:21:56",0.596
7126071,RL_algos,"2021-08-09 18:28:14",0.596
6825377,Al,"2021-08-08 14:14:24",0.596
7006359,JIN,"2021-08-09 13:35:43",0.596
7004159,"ankur maurya","2021-08-06 16:25:15",0.596
6913052,gouda,"2021-08-03 07:41:33",0.596
6932613,"Duong Anh Kiet","2021-08-08 21:11:00",0.596
6905461,AIYUN,"2021-08-09 21:09:40",0.596
6923418,oliver,"2021-07-25 18:08:31",0.596
7136791,LAZCoder,"2021-07-23 18:05:51",0.596
6829844,"Maksim Kleshchenok","2021-08-04 06:53:03",0.596
6817115,"Ansh Gupta","2021-07-24 12:44:15",0.596
6818478,"David Roberts","2021-08-03 03:13:04",0.596
6829608,cava,"2021-07-27 09:34:20",0.596
6859270,cyberia,"2021-07-27 07:23:26",0.596
6889753,"Safta Taofik","2021-07-25 07:01:30",0.596
7140932,"Arya Manjaramkar","2021-07-24 22:59:33",0.596
6823325,kickback,"2021-08-04 05:09:12",0.596
6904448,"zhuwang lju","2021-07-26 12:53:41",0.596
6855039,shpq,"2021-07-25 08:30:25",0.596
7081194,"Santiago Mota","2021-07-25 09:53:48",0.596
6884708,"Shiny Go","2021-07-25 10:50:21",0.596
6855697,"ADITI MAURYA","2021-07-25 11:19:25",0.596
6930762,"PC Jimmmy","2021-07-25 13:23:26",0.596
6989666,LingQingyu,"2021-07-25 15:47:36",0.596
7015188,Jesuz19,"2021-07-25 21:09:33",0.596
6818267,"Koorosh Aslansefat","2021-08-02 12:19:50",0.596
7035818,MasatoKawakami,"2021-07-25 23:43:18",0.596
6924410,"Inpyo Hong","2021-07-26 00:42:18",0.596
7145886,"Robert Russell","2021-07-31 12:13:31",0.596
6866892,Debye.Ai,"2021-07-26 18:43:44",0.596
6995462,"Daniel Gummadi","2021-07-28 10:40:54",0.596
6832349,jeolo,"2021-07-28 06:39:59",0.596
6827963,navneeth,"2021-07-29 15:55:32",0.596
6949163,"guo li0366","2021-07-29 00:40:52",0.596
6843462,kuroko1t,"2021-07-29 04:36:29",0.596
7160051,"Team Name","2021-07-29 12:15:05",0.596
6897163,"Akhil Nasser","2021-07-29 13:40:14",0.596
7157029,KONOY,"2021-07-29 15:36:07",0.596
7162470,"Peter CXL","2021-07-30 01:24:55",0.596
6836826,"Ralph Neumann","2021-07-30 07:30:15",0.596
6873875,nnnnnnn1,"2021-08-09 02:53:20",0.596
7007681,"Corca AI","2021-07-31 14:39:02",0.596
6843175,"Chia-Ta Tsai","2021-07-30 12:33:46",0.596
7166101,Dromosys,"2021-08-05 02:32:09",0.596
6838324,"[Deleted] c6cbf201-927e-40ad-bbf7-61873cff2a31","2021-07-31 01:41:55",0.596
6852366,BlackPink,"2021-07-31 05:54:13",0.596
6817681,"Hongnan Gao","2021-08-09 10:43:33",0.596
6861629,致Great,"2021-07-31 08:03:03",0.596
6879677,LAUTMAN,"2021-08-01 13:18:10",0.596
7168295,realcy,"2021-07-31 16:00:49",0.596
6880609,"Steve Roberts","2021-08-03 17:04:58",0.596
6824108,shoku-pan,"2021-08-01 00:42:42",0.596
7165610,brassmonkey,"2021-08-01 02:10:57",0.596
6916499,"Satya Prakash","2021-08-02 02:29:09",0.596
6818465,zlannn,"2021-08-01 11:45:42",0.596
7169957,"Amit Hasan Shuvo","2021-08-01 15:06:42",0.596
7173040,"Truoc Pham","2021-08-01 17:08:24",0.596
6922486,paulxiong,"2021-08-01 19:49:47",0.596
6972857,AU12,"2021-08-02 06:53:56",0.596
6873342,Kyaw,"2021-08-02 11:54:55",0.596
7037171,GraphCovid,"2021-08-02 14:20:18",0.596
7002782,Sugar0,"2021-08-03 00:59:43",0.596
6961646,snisherator,"2021-08-07 07:00:34",0.596
7177358,Javu,"2021-08-05 07:57:05",0.596
7128077,"Iwa Iwa","2021-08-03 16:17:53",0.596
7047857,"Yueqi Qian","2021-08-04 10:21:10",0.596
7045906,"S Sai Suryateja","2021-08-04 14:18:39",0.596
6840586,"Nguyen Cao Duy ","2021-08-04 14:43:31",0.596
6887331,TY.Yang,"2021-08-04 15:01:55",0.596
6916787,"Lawrence Chernin","2021-08-04 23:20:51",0.596
6825899,"Masahiro Yamada","2021-08-05 01:47:27",0.596
6845217,"Choi Yeonung","2021-08-09 10:02:19",0.596
6905342,Roman,"2021-08-05 10:39:34",0.596
6907251,"adrian mrozo","2021-08-09 20:41:00",0.596
6854888,"Ns team","2021-08-09 06:55:38",0.596
6910146,0x0x,"2021-08-09 13:40:40",0.596
6817939,"Phantom Ghost","2021-08-05 18:02:47",0.596
6878409,"Sidney Ng","2021-08-06 02:36:49",0.596
6825893,kiyomomo,"2021-08-06 13:40:11",0.596
7088597,"Dianwen (David) Zhao","2021-08-06 12:01:24",0.596
6815375,"Paulo Pinto","2021-08-06 12:32:10",0.596
6827287,"[Deleted] bdb7addd-709f-4c0e-ade6-a5ffc1c9dc4c","2021-08-06 15:52:39",0.596
7010238,"Mike Kim","2021-08-09 15:48:25",0.596
6846908,rc95401,"2021-08-06 19:15:46",0.596
6868170,哟哟切克闹,"2021-08-07 08:34:12",0.596
6835421,dashendaiwo,"2021-08-07 12:42:35",0.596
6890603,"Adygzhy Ondar","2021-08-08 11:07:07",0.596
6815321,ryo0529,"2021-08-08 13:09:16",0.596
6844231,"Team Bubblegum","2021-08-08 13:18:38",0.596
6852318,LauHowe,"2021-08-08 15:16:55",0.596
6914054,rw-nue,"2021-08-08 16:10:04",0.596
6825469,"SeshuRajuP 🧘‍♂️","2021-08-09 00:30:04",0.596
6895891,"haki namz","2021-08-09 13:13:32",0.596
6956410,Fisheryjn,"2021-08-09 05:00:00",0.596
7023015,SueCX9,"2021-08-09 13:55:27",0.596
6982364,DevinLiuzixuan,"2021-08-09 14:46:40",0.596
6982857,_raian,"2021-08-09 20:18:17",0.596
6990464,"My name is JeFFF","2021-08-07 21:33:19",0.596
6816362,"Thang Nguyen","2021-08-06 10:45:39",0.596
7175850,"Kartik #2","2021-08-07 09:39:55",0.596
7178539,"= =","2021-08-09 10:28:37",0.596
6822440,THUNDERBIRDS,"2021-08-09 15:22:11",0.596
6985669,"Azamat Sabyrbayev","2021-08-09 04:50:14",0.596
7005723,chialinghuang,"2021-08-09 18:36:15",0.596
6835749,Detector,"2021-08-09 18:14:30",0.596
6979533,ไม่ใช่มะม่วงก็ร่วงได้,"2021-07-26 10:14:19",0.595
6900705,mm-vision,"2021-08-09 18:11:09",0.595
7003820,Xavier,"2021-08-02 13:22:46",0.595
7066891,"Yuya Nakata","2021-07-24 10:02:11",0.595
6815997,YYama,"2021-07-01 13:05:33",0.595
6962436,MEF,"2021-08-09 16:03:38",0.594
7009903,"WENG WANG","2021-08-09 13:52:42",0.594
6817689,(´•༝•`),"2021-07-27 09:04:05",0.594
6997535,MaalRut,"2021-08-03 06:25:10",0.594
7107117,"Benoit Vignaud","2021-08-09 07:54:57",0.594
7045539,"Akihiro Katsura","2021-08-09 19:30:45",0.593
6971937,"David Dragon","2021-07-17 14:32:39",0.592
6987959,Michael,"2021-08-03 23:59:46",0.592
7142109,yuyuponponzu,"2021-08-09 16:34:04",0.592
6892925,kobe_team,"2021-08-01 07:04:03",0.592
6863333,"Yan Zhang","2021-08-05 06:19:04",0.592
6817574,fff,"2021-08-09 14:43:35",0.592
6815410,ding,"2021-07-20 05:48:01",0.592
6897857,﻿AICore,"2021-08-09 21:31:37",0.591
7051982,"koh fna","2021-07-12 13:21:47",0.591
7032762,MKU,"2021-08-09 14:21:33",0.591
7120755,Rosh,"2021-07-20 09:49:51",0.591
6824892,­yisakk,"2021-07-20 08:54:08",0.591
7017706,"Timur Shininov","2021-07-31 03:41:07",0.591
7087486,Moonej,"2021-07-20 19:48:26",0.591
6949669,Sunlights,"2021-07-21 08:49:26",0.591
7106747,"Aman Atman","2021-07-21 12:31:24",0.591
7127406,"Florencia Florio","2021-07-21 13:27:06",0.591
6815297,kawanot,"2021-08-09 18:55:00",0.591
6880527,"Pavel Shmakov","2021-07-19 10:02:10",0.591
6892202,"Catch Bat","2021-08-08 05:41:56",0.591
7134038,TerminalScripter01,"2021-07-19 16:13:10",0.591
6888813,...,"2021-07-18 22:10:30",0.591
6867585,"Firas Youssef","2021-07-18 22:47:02",0.591
6815940,ssk,"2021-07-19 00:22:49",0.591
7027603,datascientist86,"2021-07-19 01:59:23",0.591
7115592,FuC,"2021-07-19 03:51:54",0.591
7115756,jlaihong,"2021-07-19 05:06:54",0.591
6816118,"jiang zhencun","2021-07-19 13:42:06",0.591
7095561,"Hop Bui","2021-07-19 17:15:25",0.591
6884028,mattsu2020,"2021-07-20 12:38:29",0.591
6880203,usagi-choko,"2021-07-21 09:20:21",0.591
6861838,"Nick Styles","2021-07-22 05:54:40",0.591
6849262,gorka,"2021-08-07 21:18:54",0.591
6933615,sa140,"2021-07-29 07:57:20",0.591
6905612,"Alberto Benayas","2021-07-28 07:24:18",0.591
6884868,"GAGANKUMAR KUMMUR","2021-07-29 08:26:25",0.591
6880938,"KOMADA JUNICHI","2021-08-08 07:11:35",0.591
6856454,"Team CanSinga","2021-08-01 05:55:01",0.591
6878562,Taha07,"2021-08-02 13:22:54",0.591
7156634,"Lee Sangmin(Yonsei)","2021-08-02 14:32:50",0.591
6816271,pranshu,"2021-08-02 15:44:30",0.591
6874228,HengtaoTantai,"2021-08-09 13:59:24",0.591
6960018,"Sungchul Kim","2021-07-22 16:08:51",0.591
7096476,"Zainab Wajahat","2021-08-01 07:34:43",0.591
7103388,"Safvan CK","2021-08-01 18:16:51",0.591
6862600,enasalkamachy,"2021-08-09 05:24:49",0.591
7004395,NeuralMed,"2021-07-28 14:28:16",0.591
6864495,pinery,"2021-07-13 10:37:10",0.591
6869076,"Utkarsh Shrivastava","2021-07-08 14:26:52",0.590
6852443,__,"2021-08-09 16:06:02",0.590
7004126,"Query Database","2021-06-27 18:41:05",0.590
7055791,NY,"2021-07-13 01:10:26",0.590
6995153,XKDragon,"2021-08-08 13:28:19",0.590
7070888,b15d030,"2021-07-08 13:34:22",0.590
7053839,Tuhina,"2021-07-23 11:47:22",0.590
7027032,alexcruz,"2021-08-09 01:43:55",0.590
6821370,ForcewithMe,"2021-07-12 09:13:21",0.590
7049992,"Dzmitry Shakhrai","2021-07-03 18:22:52",0.590
6861125,"NoNvidiaGPU NoRTX","2021-07-04 02:18:58",0.590
7055868,FRI3NDS,"2021-07-08 06:58:57",0.590
6833196,iDatura,"2021-07-05 14:35:18",0.590
6965548,"Abid Ali Awan","2021-07-17 06:53:41",0.590
6854370,soul,"2021-07-06 01:58:46",0.590
7060986,mh37,"2021-07-06 10:14:29",0.590
7062694,NYP,"2021-07-12 08:20:59",0.590
7064480,zxie,"2021-07-08 00:02:32",0.590
6899627,"Hugo Han","2021-07-07 08:45:26",0.590
6854020,ltwwwww,"2021-08-09 23:29:31",0.590
7064532,"TRV Anandharajan","2021-07-27 10:36:59",0.590
7066863,"Jagtaran Kaushal","2021-07-07 14:42:42",0.590
7067059,pongba,"2021-07-07 15:30:30",0.590
6971438,"Vladimir Simões da Luz Junior","2021-07-17 06:36:07",0.590
6945179,NoLogic,"2021-07-08 16:53:06",0.590
6916869,SC,"2021-07-08 17:08:25",0.590
7033306,freelancer0202,"2021-07-08 18:53:35",0.590
6817593,Enki,"2021-08-04 06:01:34",0.590
6934645,"Niranjan Singh","2021-07-14 00:35:36",0.590
6815168,Panfeng007,"2021-07-09 11:33:28",0.590
6889428,"Dmitriy Prusskiy","2021-07-09 13:14:18",0.590
6832692,ChunHsuanLo,"2021-07-09 17:33:03",0.590
7069555,"Anshul Yadav","2021-07-10 05:31:09",0.590
6945664,"JINO ROHIT","2021-07-10 12:45:04",0.590
6816422,"[Deleted] 6141e7b3-e744-4185-b3d2-cf2ab015d504","2021-07-11 00:30:42",0.590
6868068,"Chiu Yu Hao","2021-07-11 06:30:57",0.590
7080448,"[Deleted] 630b5e49-798f-4085-bcf4-a0101210509d","2021-07-12 14:20:17",0.590
7155124,"Galkin Danil","2021-08-09 15:54:38",0.590
7008257,"ndr mys","2021-07-29 16:21:46",0.590
6843752,"RS Turley","2021-08-09 21:48:26",0.590
7024122,AIM,"2021-07-19 17:50:51",0.590
7103928,Car1yle,"2021-08-04 00:29:23",0.590
7047770,jamie_omoya,"2021-07-25 06:56:34",0.590
7056105,wuchunhuan,"2021-07-31 01:41:16",0.589
6844083,Bruno.K,"2021-07-13 04:00:09",0.589
6818820,ENF,"2021-08-04 01:46:15",0.589
7156174,InuAid-MiRL-v1.1,"2021-08-09 18:58:52",0.589
6869515,gody7334,"2021-07-28 13:43:40",0.589
7113498,"Loo Scrubber","2021-08-08 02:32:57",0.589
6866551,ER,"2021-07-17 15:22:32",0.589
6825069,MeDA,"2021-08-09 16:32:45",0.589
6840134,tt195361,"2021-07-26 11:07:13",0.589
6815415,"Take and patriot","2021-06-26 15:50:28",0.589
7029167,peopledesu,"2021-07-15 12:19:46",0.589
6840057,Beating-Covid-19,"2021-07-12 03:30:54",0.589
6885196,kondounagi,"2021-07-12 11:56:08",0.589
6817209,"Alexey Filimonov","2021-08-09 19:10:08",0.589
6908670,U023,"2021-07-12 21:41:36",0.589
6864382,satabios,"2021-07-13 06:45:59",0.589
6819328,"bent glasses","2021-07-27 16:45:46",0.589
7086564,"Bruce Lee","2021-07-13 08:28:56",0.589
7089781,"Gokul Talele","2021-07-13 15:17:44",0.589
6874212,Abandon,"2021-07-14 06:40:31",0.589
6858150,0DD1,"2021-07-14 09:19:17",0.589
6840593,"Siti Khotijah","2021-07-14 15:16:21",0.589
7081985,ShimTa,"2021-07-14 14:08:29",0.589
6919667,"Salman Ibne Eunus","2021-07-14 18:51:02",0.589
6822173,"Antonio Marin","2021-07-16 07:54:18",0.589
6832018,"tutu zhang","2021-07-16 08:38:45",0.589
7109123,myeongjun,"2021-07-18 09:58:21",0.589
6848046,"big if true","2021-07-18 16:38:32",0.589
6984879,AFK,"2021-07-18 05:41:33",0.589
6973196,yTech@math,"2021-07-18 06:24:33",0.589
6882253,"Makhonin Alexey","2021-07-20 11:08:57",0.589
6860377,Zack_szh,"2021-07-20 22:05:01",0.589
7164599,"Stefan Živanov","2021-08-01 13:56:47",0.589
6928137,JVM,"2021-08-09 07:40:41",0.589
6921622,nakamoto,"2021-07-18 14:30:41",0.588
6997362,keetar,"2021-07-11 17:13:23",0.588
7170542,the6008,"2021-08-09 16:26:21",0.588
6960444,Challenge1,"2021-08-09 19:58:24",0.588
6959870,"Cameron Xu","2021-07-30 00:54:52",0.588
7052243,BatteryLow,"2021-07-26 15:42:50",0.588
6900606,Sparkyaurora,"2021-07-14 05:54:34",0.587
6863727,"Kangtai Sun","2021-08-07 01:12:46",0.587
6901060,teehoong,"2021-08-09 12:13:45",0.587
7003905,S-Nakamura,"2021-07-19 14:51:31",0.587
6890927,"Mohammed Amro","2021-08-09 19:16:33",0.587
6815793,OsciiArt,"2021-07-28 16:16:16",0.586
6815384,"yui coiuyu","2021-08-04 01:43:48",0.586
6994720,ChunkIng,"2021-06-28 06:03:19",0.586
7051122,"Hùng Phạm Vũ","2021-08-09 15:51:17",0.586
7047164,wentixiaogege,"2021-07-05 03:14:45",0.586
7042162,"MA Junyi","2021-07-02 03:33:06",0.586
6820974,不想搞了这个,"2021-07-09 08:38:12",0.586
6891365,shoji,"2021-07-02 14:54:10",0.586
7044935,light_su,"2021-07-03 04:32:35",0.586
6868743,Nizamuddin,"2021-08-03 01:18:18",0.586
7067031,"Vallés Theorem","2021-07-08 20:46:45",0.586
6833352,Curiosity,"2021-07-12 12:07:14",0.586
7088203,Ryenhails,"2021-07-13 01:12:11",0.586
7171691,Lainey,"2021-08-09 05:20:27",0.586
7082408,陈建秋,"2021-07-16 04:24:10",0.586
6817963,Salman,"2021-06-25 23:52:32",0.586
6990752,"Ordinary Student","2021-06-22 15:40:21",0.586
6952357,mlantern,"2021-06-27 06:18:38",0.586
6817016,"Rischan Mafrur","2021-06-23 00:59:09",0.586
6996668,"Apurv Sibal","2021-06-23 08:04:20",0.586
6967245,Henry1717,"2021-06-23 09:01:41",0.586
6997457,"Pham Thi Quynh","2021-06-23 09:10:15",0.586
6993523,Pixeltests,"2021-06-23 09:16:21",0.586
6889437,TheVillageIdiot,"2021-07-23 07:08:18",0.586
6817627,leoyuguanall,"2021-07-04 19:25:54",0.586
6872026,"Nuno Ferreira","2021-06-23 22:03:44",0.586
6949429,"Furzanov Kirill","2021-06-24 13:07:05",0.586
6824804,keeplearning,"2021-07-21 07:13:26",0.586
7003319,"Hüseyin Gündüz","2021-06-26 02:08:30",0.586
6876958,"Bhature Chole","2021-06-26 08:49:52",0.586
6854303,pond122,"2021-06-28 14:22:48",0.586
6879567,EIS-T10,"2021-06-27 17:01:32",0.586
6833182,lramary,"2021-06-27 18:43:54",0.586
6862805,SimpleEDU,"2021-07-20 06:47:00",0.586
6827881,Beans,"2021-06-30 07:21:25",0.586
7031225,HHGB,"2021-06-30 08:25:57",0.586
6840866,Morpheus,"2021-06-30 18:55:03",0.586
7036860,"Andris Iswahyudi","2021-07-01 08:54:08",0.586
7041689,"James Requa","2021-07-02 01:38:05",0.586
6839855,kyshel,"2021-08-09 04:16:38",0.586
6816026,Forky,"2021-07-16 01:02:54",0.586
6842048,ustcwang,"2021-07-07 08:00:14",0.586
6995625,"Dr. Neo Cortex","2021-07-27 22:50:41",0.586
6831765,SHNU,"2021-08-06 03:08:29",0.586
7039210,misfit,"2021-07-02 10:28:07",0.586
6992296,"Hengrui Wang","2021-08-03 02:15:27",0.586
7015185,"Alpha Run","2021-07-01 09:49:40",0.585
6837732,那,"2021-07-12 14:27:31",0.585
6904458,"Natalia Yurasova","2021-07-21 06:09:50",0.585
6865771,"Anima Kujur","2021-07-04 03:45:57",0.585
6873759,Dodo0517,"2021-08-09 08:58:45",0.585
6845353,imnishantg,"2021-06-16 10:38:07",0.585
6965839,Voodoo,"2021-06-16 11:15:04",0.585
6820675,Luna,"2021-06-21 06:21:14",0.585
6927085,"Oh, ELDENRING","2021-06-16 13:04:40",0.585
6828578,BlueSky,"2021-06-16 13:52:53",0.585
6967721,zhoufu,"2021-06-16 14:10:50",0.585
6824897,ChienYiChi,"2021-06-17 05:49:31",0.585
6817184,"Peaky Blinders","2021-06-18 03:36:23",0.585
6819255,"Omer am","2021-07-01 12:22:59",0.585
6927402,"Nikita Romanov","2021-06-17 06:37:04",0.585
6972772,neha,"2021-06-17 07:05:14",0.585
6973170,"vria vria","2021-07-03 11:50:20",0.585
6856626,"Thrinesh Duvvuru","2021-06-17 09:04:27",0.585
6951872,"Henry Davii","2021-06-17 14:17:47",0.585
6975252,"wassim henia","2021-06-17 16:24:45",0.585
6975528,star-lightning,"2021-06-17 17:34:26",0.585
6919847,等个大佬带我,"2021-06-18 11:43:32",0.585
6974635,peng-zilun,"2021-07-13 01:44:50",0.585
6935508,"Guangyu Dan","2021-06-21 15:24:56",0.585
6823723,"Tensor Girl","2021-06-18 00:02:49",0.585
6884974,"Kaoru Sasakawa","2021-06-18 00:50:48",0.585
6972006,"Tudor Morosan","2021-06-18 03:00:03",0.585
6875064,qiandongqiu,"2021-06-18 07:42:06",0.585
6896277,"Eyal Katz","2021-06-18 11:05:22",0.585
6946915,"Enis Simsar","2021-06-18 19:05:27",0.585
6849249,"Larry Wong","2021-06-19 09:22:36",0.585
6976521,lianli_star,"2021-07-25 04:48:53",0.585
6832331,Hanson0910,"2021-06-19 04:46:46",0.585
6836203,LTF/ML,"2021-06-19 10:08:27",0.585
7063864,zx,"2021-06-19 16:04:22",0.585
6980503,TEM,"2021-06-19 18:10:53",0.585
6912886,llllshaw,"2021-06-19 23:28:16",0.585
6823742,"Bahram Afsharmanesh","2021-06-20 05:57:53",0.585
6916017,BITC,"2021-06-20 09:20:58",0.585
6843198,nuoaier,"2021-06-20 14:56:26",0.585
6960983,Hugh,"2021-06-20 15:49:58",0.585
6943883,felixlearn,"2021-06-21 06:41:41",0.585
6889792,SiWuAShua,"2021-06-21 16:01:57",0.585
6825123,STakashi,"2021-06-22 03:47:05",0.585
6939916,"Rita Wang","2021-06-22 08:26:01",0.585
6843884,"Artyom Lyan","2021-07-14 13:58:42",0.585
6917797,"Maunil Shah","2021-06-22 15:38:25",0.585
6841401,PantsOfLuck,"2021-06-22 23:04:19",0.585
6953871,Team_24_KLETech_EIS,"2021-06-23 14:15:44",0.585
6982947,"Suyog Jadhav","2021-06-23 19:52:48",0.585
6822718,"Rodrigo Abrão","2021-06-23 20:03:35",0.585
6919814,"Meghraj Pardesi","2021-06-24 06:01:17",0.585
6815500,allen,"2021-06-24 09:35:22",0.585
6825397,digimagi,"2021-07-23 08:25:10",0.585
6974826,inosuke,"2021-06-26 01:48:39",0.585
7008331,nocov,"2021-06-30 23:52:08",0.585
6821825,"Howie Wu","2021-07-29 20:27:30",0.585
6971977,"JC Kim","2021-06-29 16:52:46",0.585
6825897,"Sawradip Saha","2021-06-30 09:21:53",0.585
6999336,"yannic chen","2021-06-30 14:05:16",0.585
6839659,Kolmogrov,"2021-07-01 11:53:30",0.585
6985761,ARubiales,"2021-07-01 18:39:30",0.585
6985194,Harari1998,"2021-07-06 14:10:48",0.585
7037314,ammad,"2021-07-05 07:22:46",0.585
6826715,"Christoph Köstler","2021-07-08 14:19:53",0.585
6855851,"Brian Napora","2021-07-08 18:19:17",0.585
7058333,"Mahmoud Abdulaal","2021-07-15 14:30:11",0.585
6816249,"Prashanth Sheri","2021-07-16 19:15:51",0.585
6989803,yyui,"2021-07-28 16:23:07",0.585
7049302,KeisK,"2021-07-19 05:24:18",0.585
6845717,ultra_zhl,"2021-07-19 12:58:54",0.585
6981533,"Siyi Wei","2021-07-26 17:51:08",0.585
6893527,"TF 58","2021-08-06 19:03:48",0.585
7158076,"Danko Penko","2021-07-30 17:01:15",0.585
6986001,"james titchener","2021-08-01 16:38:17",0.585
7176714,"Priya Gudwani","2021-08-04 12:46:10",0.585
7081920,"Adil Atahan Atik","2021-08-05 11:57:09",0.585
7111877,"Jie Shi0525","2021-08-06 06:33:10",0.585
7152059,perchik228,"2021-08-09 07:56:27",0.585
6826685,"Saurav Maheshkar ☕️","2021-07-04 12:02:38",0.585
7002307,Admiral,"2021-06-24 09:20:46",0.585
6909829,NTThanh,"2021-06-24 18:30:15",0.585
6838608,"Naman Makkar","2021-06-30 04:19:19",0.585
6955660,"Mighty Rains","2021-06-29 22:06:19",0.585
6893105,"Abhishek Sabnis","2021-07-11 08:07:52",0.585
6815755,"Amil Gentili","2021-07-04 00:31:29",0.585
6922085,"Jagani Nisarg","2021-06-16 15:45:31",0.585
6833990,"Jaidev Chittoria","2021-06-28 14:45:34",0.585
7050244,هلا,"2021-08-08 05:53:17",0.585
6868200,snowballball,"2021-08-09 14:27:46",0.585
6992804,mounika,"2021-06-22 04:47:19",0.585
6821510,kulverstukas,"2021-07-22 12:48:48",0.585
6917142,sakakiba,"2021-06-18 12:40:39",0.584
6821394,roche-MH,"2021-06-19 17:01:38",0.584
6968382,Vidhen123,"2021-06-22 03:11:08",0.584
6821544,"Adrien Begel","2021-06-28 08:30:33",0.584
6965614,"tikooom boom","2021-06-16 04:56:48",0.584
6883418,"Yulya Trofimova 161","2021-06-30 19:31:35",0.584
6953422,EventHorizon,"2021-06-20 15:37:14",0.584
6990041,"Ji Wong Park","2021-06-21 15:35:10",0.584
6960134,yansinl,"2021-06-21 16:38:02",0.584
6847637,mcs-2,"2021-08-09 14:20:54",0.584
6887411,"Chauhan Vidhen","2021-06-21 14:19:27",0.584
6816273,"Rohitkumar Thummar","2021-06-21 14:29:21",0.584
6815469,",","2021-06-21 13:11:47",0.584
6855014,"Phil Lee","2021-06-25 22:31:47",0.584
6869413,TiinaLee,"2021-07-04 11:42:24",0.583
6913163,o933,"2021-08-06 23:57:39",0.583
6888944,"kaggle boiZ","2021-08-09 15:59:35",0.583
6915651,bomi,"2021-07-30 07:33:22",0.583
6847561,"in Hamamatsu","2021-06-30 10:25:17",0.583
6981103,hikozuma,"2021-06-20 10:15:55",0.583
6862064,"Keith Perkins","2021-08-09 14:39:18",0.583
6951113,"Anil Thomas","2021-08-08 06:37:44",0.582
6978358,black_jack_1997,"2021-07-05 06:28:43",0.582
6993167,"InuAid - MiRL","2021-08-09 19:18:16",0.582
7066996,"Cuong Than Cao","2021-06-23 06:41:36",0.582
7049985,hyeonsu,"2021-08-09 20:42:57",0.582
6883484,yim,"2021-08-09 20:34:59",0.581
7002671,"LP space","2021-07-07 08:46:41",0.581
6824147,"BioAI Team UAM","2021-06-28 19:19:35",0.580
7153090,polkaggel,"2021-08-05 01:04:33",0.579
6851169,Ilya,"2021-08-02 10:48:50",0.579
6897593,"Robert Walz","2021-08-09 19:16:54",0.578
6839287,"Daegwon B","2021-06-19 03:03:19",0.578
6824191,vlorenzo,"2021-07-18 08:17:29",0.578
7053698,GEO-AI-COVID19,"2021-08-04 02:53:58",0.577
6987287,pigram,"2021-07-18 16:19:32",0.577
7133415,benedict_shs,"2021-08-09 21:55:27",0.577
6871666,"Cloudy Knife","2021-07-05 03:40:31",0.575
6860696,sunpnwt,"2021-08-07 23:24:16",0.574
6934884,Tony,"2021-08-08 11:39:39",0.572
7011221,YiYuan,"2021-07-25 14:31:08",0.572
6906592,Leonid,"2021-06-27 21:30:54",0.568
6822563,"Jed Deitrick","2021-07-20 13:35:44",0.567
6881993,anubisu,"2021-07-30 03:06:43",0.567
6821891,shahid,"2021-06-26 17:35:12",0.566
6895393,CRISTIAN.MINAS,"2021-07-25 03:29:03",0.565
7161399,"Gregory Schuit Condell","2021-08-04 23:47:39",0.565
6822398,vbookshelf,"2021-08-07 09:06:03",0.565
7150212,"Gandharva Gawri","2021-08-04 08:18:37",0.564
7043462,"Team Apra","2021-08-09 08:09:48",0.561
7081269,"Izmaylov Konstantin","2021-07-25 19:03:01",0.561
6909605,RxRx,"2021-08-08 08:19:11",0.551
6990723,"HyeonJeong Yeo","2021-08-09 13:40:25",0.548
7053721,"Ma Yunnan","2021-07-04 17:41:33",0.546
6976179,"Akshan Sameullah","2021-07-10 19:12:32",0.546
6826311,"Neko Kiku","2021-07-15 16:36:43",0.546
6836414,"Marcus T","2021-07-30 05:07:04",0.545
6824710,kidding,"2021-08-09 16:02:26",0.544
7084202,"Pär-Olov Söderman","2021-08-01 08:34:48",0.544
7006663,"Ilya Evteev","2021-07-30 07:03:55",0.540
7005822,GUNER,"2021-08-09 17:24:14",0.537
6831670,liushuzhi,"2021-08-08 23:39:31",0.536
6968281,kodama,"2021-08-09 17:07:09",0.536
6849929,sejoong.kim,"2021-07-16 11:45:41",0.533
6972780,Firdows,"2021-08-06 05:54:47",0.528
6899059,zhangeng,"2021-06-30 08:52:11",0.523
6826071,BioMedIA-MBZUAI,"2021-08-09 19:54:48",0.523
6845165,"Vysakh Nair","2021-07-15 12:31:55",0.519
6816893,ivanwang,"2021-07-19 20:04:51",0.518
7129468,"No Covid Ploxx","2021-07-24 05:53:43",0.518
6817282,cuicube,"2021-06-20 08:12:04",0.518
6858183,T-wangs,"2021-08-09 17:20:12",0.516
6830552,"Azat Akhtyamov","2021-07-04 15:59:21",0.515
6927301,TECVICO_Members,"2021-08-09 13:01:10",0.515
6855953,"Berryessa Brewing Co.","2021-08-01 16:26:08",0.514
7000760,"Sahin Isik","2021-07-12 21:45:12",0.514
6904905,"Lang Thang","2021-08-06 05:38:33",0.513
6830873,RST,"2021-08-08 23:46:20",0.512
6818376,"Michael Kalinin","2021-08-09 18:57:20",0.511
6817192,"Moein Shariatnia","2021-06-23 07:43:28",0.508
6836457,.....,"2021-08-09 17:33:44",0.507
6874981,"rui fun2","2021-08-09 10:44:35",0.507
6882574,"Masataka Aoki","2021-08-02 07:05:15",0.505
6965665,"Sho Mitarai","2021-07-04 11:41:38",0.505
6815985,"Alexandre Cadrin-Chênevert","2021-05-27 00:02:48",0.501
6822921,neverix,"2021-06-03 17:23:28",0.498
6822822,"GTX 1050 Ti","2021-08-09 13:57:09",0.498
6825385,Xiao_B,"2021-07-29 10:00:10",0.497
7084977,WATGS,"2021-08-08 15:51:17",0.497
6922929,A-Team,"2021-06-29 13:46:18",0.496
6844764,CSIR-CEERI-AITeam,"2021-08-09 18:48:36",0.494
6960930,"Gunhee Nam","2021-07-27 03:58:59",0.494
6911827,"Gaurav Singh","2021-06-26 15:55:15",0.492
6909798,"Xin Lv","2021-07-17 03:44:36",0.490
6982477,hfut_ybx,"2021-07-30 05:23:46",0.488
6932635,"HyunJae Lee","2021-07-08 03:40:18",0.488
6846662,Antivirus,"2021-06-24 05:04:03",0.486
6848344,"Tran Kim Sen","2021-07-31 11:09:56",0.481
6845181,ntp,"2021-07-31 08:19:59",0.481
6992401,"Jack Ding","2021-08-08 22:34:06",0.471
6836044,Prixes,"2021-06-05 23:10:09",0.470
7098624,mehreensirshar,"2021-08-05 06:51:04",0.467
6881150,"Kiran Pradeep","2021-07-08 03:19:32",0.464
6959752,"Satyajit K","2021-08-09 16:51:49",0.462
6816107,AV,"2021-08-08 19:37:05",0.461
6856108,"Mohammed Amokrane Mancer","2021-08-09 17:21:42",0.460
6975308,"Do U Want to Build a Snowman","2021-07-24 03:28:34",0.459
7078911,"Satriawan Rasyid","2021-07-11 17:55:44",0.452
6833447,"James Howard","2021-06-06 21:34:16",0.451
6824122,"Felipe Sens Bonetto ","2021-06-10 14:39:10",0.448
6930730,"Arash Ash","2021-08-07 10:24:43",0.441
6817360,Sciuridae,"2021-08-04 13:36:15",0.441
6905962,datou1,"2021-08-04 12:58:09",0.440
6927554,JKOSUKE,"2021-08-09 12:21:36",0.437
6816354,kzykmyzw,"2021-08-09 19:01:00",0.431
6817700,mknzfr,"2021-08-07 23:50:30",0.430
6911604,"Fernando Rodi","2021-08-09 18:06:47",0.429
6988540,dididi,"2021-06-30 08:08:29",0.428
7093914,kuroiki,"2021-08-09 03:04:24",0.425
7181568,gigggggge,"2021-08-09 03:32:54",0.424
6904901,v1nor1,"2021-08-06 07:18:01",0.420
6818729,"Matthieu Planté","2021-06-06 01:31:43",0.420
6816644,torch,"2021-06-24 22:10:14",0.419
6901009,"IT Soution","2021-06-16 23:30:01",0.418
6893776,goose,"2021-06-11 22:46:37",0.418
6830182,ShinSiangChoong,"2021-05-30 20:35:25",0.418
7099434,"[Deleted] acb25577-f98d-44b3-a932-bbebb6c4c69b","2021-08-03 22:38:38",0.418
6894391,Seif,"2021-07-25 16:33:18",0.417
6875149,"Soonhwan Kwon","2021-06-09 08:06:47",0.417
6831334,Mars,"2021-06-09 18:05:57",0.416
6838043,Kosttcev,"2021-06-09 19:30:06",0.416
6891536,"Chen ZJ","2021-06-10 09:00:47",0.416
6822988,"Sagnik Roy","2021-06-17 07:51:14",0.416
6844835,"Abhishek Gupta","2021-06-10 09:46:31",0.416
6824403,"PAVAN KUMAR D","2021-06-11 01:01:50",0.416
6840161,"Evgeny Turov","2021-06-12 22:46:33",0.416
6926109,Alice,"2021-06-13 21:34:53",0.416
6828074,shigematsu,"2021-06-14 08:00:38",0.416
6825684,"TEAM AA","2021-07-18 11:38:35",0.416
6870545,Suresh,"2021-06-15 04:57:50",0.416
6960666,Chloevan,"2021-06-15 05:31:24",0.416
6909460,XylLeo,"2021-06-15 12:25:56",0.416
6964453,"Steve Schneider","2021-06-19 00:30:22",0.416
6920780,"Tom LasMaN","2021-07-13 15:37:40",0.416
6831663,elefun,"2021-07-02 06:35:18",0.416
6831966,Bingo,"2021-06-01 08:40:46",0.416
6873000,canonical,"2021-06-02 07:50:10",0.416
6829097,Progress+,"2021-06-02 14:33:36",0.416
6907318,"Ruwi & Abo","2021-08-09 21:21:40",0.416
6825371,cold_star,"2021-06-01 05:36:33",0.416
6828504,MohanKrishna,"2021-05-21 13:22:59",0.416
6841150,Goutam,"2021-06-02 12:35:09",0.416
6841500,doggydev,"2021-05-21 16:06:16",0.416
6843568,TKDS,"2021-05-22 04:47:38",0.416
6843845,"ABHISHEK SINGH ","2021-05-22 07:30:18",0.416
6815188,"GTX960 x 1","2021-05-23 01:45:40",0.416
6827816,"Simone Azeglio","2021-05-23 11:27:10",0.416
6837464,"Brian Ghigiarelli","2021-05-23 12:15:11",0.416
6849544,vanAmsen,"2021-05-23 15:47:39",0.416
6837351,"Aramis Vesal","2021-05-23 22:17:34",0.416
6828139,iamnos,"2021-05-25 18:24:01",0.416
6869068,"[Deleted] 425e723c-5985-4763-8f44-d4cfdfe788fe","2021-05-27 07:44:00",0.416
6822212,"Ayman Khalafallah","2021-05-27 13:16:04",0.416
6872647,"Pontiac Bandit","2021-05-28 04:43:49",0.416
6838436,"Jordan Hoover","2021-05-29 00:12:31",0.416
6845027,"Bhavesh Kumar","2021-05-30 04:05:12",0.416
6815178,harapekodayo,"2021-05-29 09:51:49",0.416
6882492,ebikazuki,"2021-05-30 08:00:46",0.416
6833852,noshakeplz,"2021-05-30 08:15:42",0.416
6819252,hari,"2021-05-31 04:04:27",0.416
6852301,"baixing wang","2021-05-31 06:23:49",0.416
6891010,"Lopamudra Nayak","2021-05-31 21:18:19",0.416
6838606,Hwcc,"2021-07-02 07:13:44",0.416
6896684,BigCommit24,"2021-06-02 08:17:59",0.416
6875233,Affine_Squad,"2021-06-03 06:14:49",0.416
6889939,"Mreenav S. Deka","2021-06-03 07:55:57",0.416
6900174,Ghaiyur,"2021-06-03 09:21:32",0.416
6925102,"kapil jackson","2021-06-09 09:50:18",0.416
6923723,"Dmitriy Umerenkov","2021-06-15 13:08:17",0.416
6830011,"Vikas Kumar #2","2021-06-11 10:38:51",0.416
6955645,YashKalebere,"2021-06-15 21:23:13",0.416
6989966,ChunSuPark,"2021-07-05 11:40:13",0.416
6914357,RahulBhambri,"2021-07-19 12:44:24",0.416
6816171,Tushar,"2021-06-09 14:11:37",0.416
6891694,kambehmw,"2021-06-02 03:49:50",0.416
6858154,"Yôḥānnān Reyes Stark","2021-06-09 13:38:26",0.416
6816247,nik1,"2021-06-01 09:01:11",0.415
6818143,v1olet,"2021-07-03 12:55:28",0.415
6845354,"squishmallow :)","2021-06-04 09:25:46",0.415
6832044,"Vecheslav Eremeev","2021-06-01 03:30:13",0.415
6891933,CuiMDI,"2021-06-01 03:51:16",0.415
6897867,lijjjie,"2021-06-02 03:50:01",0.415
6895917,"Brooklin Santosh","2021-06-02 15:57:26",0.415
6829965,"Pale man","2021-06-02 19:15:07",0.415
6831718,"Yuki Sugimoto","2021-07-01 17:13:35",0.415
6890954,3SC,"2021-06-03 06:41:06",0.415
6874551,bizbong,"2021-06-03 11:44:25",0.415
6906416,"[Deleted] 29cb9e41-8161-40b5-92f7-a403961970a0","2021-06-03 15:36:50",0.415
6823191,"Yuliya Bedrosova","2021-06-04 16:19:49",0.415
6906959,kagglegal,"2021-06-10 20:12:09",0.415
6915428,"Ferhat Culfaz","2021-06-06 13:54:08",0.415
6916163,mi-man,"2021-06-06 13:55:50",0.415
6819316,"Germano Yoneda","2021-06-06 20:15:15",0.415
6898673,ManmeetSingh,"2021-06-07 03:43:20",0.415
6838504,"Kellen Morales","2021-06-07 04:16:40",0.415
6820985,"Sanskar Kumar","2021-06-07 20:04:30",0.415
6832997,"Hao-Ping Wang","2021-06-08 02:36:45",0.415
6829518,llhy,"2021-06-08 15:06:50",0.415
6915888,JureZu,"2021-06-08 16:07:21",0.415
6930061,"Ivan Ilinykh","2021-06-10 04:23:03",0.415
6933933,"Entropy Capstone","2021-06-09 11:29:34",0.415
6934762,ebisuke,"2021-06-09 14:26:52",0.415
6936034,"yanjung chin","2021-06-09 20:45:10",0.415
6902427,SeamusG,"2021-07-25 17:12:01",0.415
6925539,yoavs,"2021-06-15 18:16:29",0.415
7038215,"Hichem Allou","2021-08-09 09:13:14",0.415
6888357,"Matias Thayer","2021-06-04 19:09:42",0.415
6830734,Jcpopp,"2021-05-26 18:19:28",0.415
6865388,Taki,"2021-06-03 11:48:37",0.415
6864873,See--,"2021-06-02 15:08:59",0.415
6857895,Akhila,"2021-05-25 05:37:16",0.415
6863511,Gorochu,"2021-06-09 11:31:38",0.415
6827969,"Saket Kattuboina","2021-05-26 11:20:10",0.415
6866591,"Dmitry Korshunov","2021-05-28 06:43:45",0.415
6885465,KritiDoneria,"2021-05-30 18:17:25",0.415
6837863,ic3ic8,"2021-05-31 09:24:41",0.415
6868940,"Minesh A. Jethva","2021-06-02 06:57:43",0.415
6868678,"Jiayao Wang","2021-06-25 07:07:19",0.415
7036215,"Abdul Salaam","2021-07-01 02:06:40",0.415
6828842,maliang,"2021-06-11 02:22:48",0.414
6843563,"Pan Yang","2021-07-14 05:58:00",0.414
6842927,"Victor Rocco","2021-07-12 23:57:18",0.414
6861012,"Adrien Moreau","2021-06-02 07:50:53",0.413
6904896,"Shiro Guy","2021-07-08 18:05:09",0.413
7140773,coder_^^_,"2021-08-09 13:41:57",0.411
6897673,Shokhjakhon,"2021-07-04 17:33:10",0.411
6824315,Xbldev,"2021-07-18 14:17:02",0.410
6904895,Questionable,"2021-07-22 06:33:04",0.410
6824075,tiagovieira,"2021-05-21 12:59:51",0.410
6828370,caggle_zhang,"2021-05-23 10:21:02",0.410
6822951,"Cantekin Ce","2021-08-03 09:04:33",0.410
7002305,"Vivek #2","2021-08-09 21:05:59",0.410
6839850,Helgi,"2021-05-26 19:33:22",0.409
6928181,"dsh -;","2021-07-28 12:48:51",0.409
6817872,SumanSudhir,"2021-07-05 16:26:40",0.409
6859817,DS.X,"2021-05-26 10:26:54",0.409
6964471,"Joseph Tembo","2021-07-31 22:55:06",0.408
6821805,Zywoo,"2021-05-21 08:52:43",0.408
6827756,Yuriy,"2021-06-16 05:06:15",0.405
6822332,marta0,"2021-08-09 19:12:38",0.404
6821291,Meenakshi,"2021-08-09 04:49:22",0.402
6821341,Prachi,"2021-08-03 12:55:06",0.402
6878047,"Takayuki Imoto","2021-07-12 15:05:52",0.401
6836170,"Shashi Kumar N","2021-06-05 06:19:38",0.400
6914948,Sharda,"2021-06-05 11:52:13",0.400
6890944,"Arkadiy Synovets","2021-06-03 00:52:43",0.400
6878434,"Polar Bear After Lunch","2021-06-22 10:28:13",0.400
6848607,minminstu,"2021-06-02 13:49:28",0.400
6866878,"Big Chumongous","2021-06-24 02:50:47",0.400
6927050,Chote_log,"2021-06-09 18:57:19",0.400
6820456,"Bamba Tomoyasu","2021-07-04 12:13:04",0.399
7074184,Sciencehorizen,"2021-08-09 22:23:11",0.398
7173594,datakite,"2021-08-09 21:44:37",0.398
6833256,P.AI.R,"2021-06-30 21:41:25",0.398
6831662,FreddyHu,"2021-08-09 06:06:35",0.394
6840061,"Denis Petrovskiy_GP","2021-08-08 12:03:23",0.392
6821542,"Johannes Illerhaus","2021-06-29 08:23:13",0.392
6833193,Yohei,"2021-08-09 13:01:35",0.391
6839626,"[Deleted] 0fa43967-8056-4959-95ae-9fd944b9b7dc","2021-08-09 22:57:16",0.391
6823637,"Rishant Dutt","2021-05-22 23:40:35",0.389
6817258,ar90n,"2021-07-10 10:11:25",0.386
6845897,Vedant,"2021-08-09 21:26:44",0.384
6836022,"Jacek Poplawski","2021-06-05 10:59:44",0.384
6856335,null,"2021-06-26 19:09:56",0.382
6922087,"Raja Suman C","2021-06-24 06:40:32",0.380
7123381,ECOFRI,"2021-07-27 11:11:21",0.379
6891475,nada-baili,"2021-06-22 14:42:12",0.379
6836956,"Jorge Palma","2021-07-23 02:26:07",0.375
7004733,Naotsuga,"2021-07-23 14:23:27",0.375
6815207,makogarei,"2021-06-08 06:23:02",0.372
6832730,"majid asghari","2021-06-07 15:53:34",0.371
6918698,"Tadeusz Hupało","2021-07-20 23:59:15",0.369
6936049,kek,"2021-07-27 14:55:20",0.368
7042068,zhou121,"2021-07-03 01:25:03",0.367
6829551,"Chunyu Wei ","2021-06-20 15:10:08",0.367
6937872,"Junyi Shi","2021-06-10 08:24:02",0.367
6977457,wangzhikun,"2021-06-25 08:01:10",0.365
6815273,Beluga,"2021-07-01 13:43:40",0.365
7006980,ksbsw,"2021-06-25 09:34:01",0.363
7047393,Dhkim_active,"2021-08-09 15:24:03",0.361
7017768,wafflebufflo,"2021-08-07 09:57:05",0.360
7118537,"Anouk Stein, MD","2021-08-05 16:28:07",0.355
6825570,Theerit,"2021-07-01 11:28:06",0.353
6877980,pavelkochnev,"2021-06-07 00:30:05",0.351
6942086,jpm,"2021-08-04 00:47:42",0.348
7075565,K_VRuS,"2021-08-06 06:47:12",0.344
6997644,mongsil,"2021-08-07 13:06:43",0.342
6822007,"Jack Boynton","2021-06-02 17:25:16",0.341
7074838,"Deepali Mishra","2021-08-09 07:24:58",0.335
6992423,"Sunghyun Jun","2021-08-08 10:30:00",0.335
6944635,Régis,"2021-07-02 10:20:13",0.334
7079387,cydalytics,"2021-07-18 08:07:21",0.333
6991528,"Metin Aktaş","2021-08-09 17:58:54",0.333
7110555,slykid,"2021-07-18 12:27:53",0.332
7176325,"Aventior Team","2021-08-09 14:13:44",0.331
6911487,Xiaohua,"2021-08-03 19:14:36",0.329
6827532,tomaatti,"2021-06-07 12:29:31",0.328
6968368,"Andrey Rysin","2021-08-09 15:50:02",0.328
6896407,"Igor Lashkov","2021-07-23 05:54:45",0.328
6848989,CTD,"2021-08-02 19:39:12",0.328
6818068,"Ayush Thakur","2021-07-10 03:57:15",0.327
6855240,"Amar Pattanshetti","2021-07-20 16:17:16",0.327
6857900,"Shishang wu nanshi","2021-07-17 18:09:46",0.327
7108894,nagi,"2021-08-07 00:37:58",0.326
6863512,"Los Otros Graduados","2021-08-08 23:43:14",0.326
6899592,"SMP v2","2021-07-22 11:49:09",0.326
7170805,"Ryosuke Nakata","2021-08-09 00:30:38",0.324
7162251,SunnieM,"2021-08-09 04:45:25",0.320
6838913,akki,"2021-08-09 19:07:59",0.319
7186326,covidX,"2021-08-09 13:43:48",0.319
6937035,Noufal,"2021-07-04 05:10:13",0.316
6922903,"HAOZHENG XU","2021-07-04 13:02:29",0.315
7004715,"Britney Rodríguez","2021-07-06 16:55:32",0.314
6832979,"Shunya Yoshioka","2021-07-07 00:00:14",0.312
7005628,RedJ,"2021-07-07 03:28:57",0.310
7022512,P,"2021-08-07 22:53:33",0.302
7183047,endiqq_our,"2021-08-09 21:00:23",0.299
6864236,Mohua,"2021-07-14 07:14:20",0.299
6881295,"Roman Statkevych","2021-07-15 23:52:28",0.296
6935926,"Sanjay Parajuli","2021-08-08 17:14:17",0.296
6824873,Mindfull,"2021-06-21 04:10:40",0.294
6888686,"E2 NextGen","2021-08-09 18:11:00",0.290
6837756,"Zhanjian Dong","2021-07-02 02:53:02",0.283
7173218,ofnt,"2021-08-08 15:32:01",0.280
6835538,hn5311,"2021-07-02 02:59:52",0.279
6827585,"Ivan Furs","2021-07-14 14:55:33",0.276
6842294,khaled.M.gamal,"2021-07-05 14:10:46",0.270
7038113,laraVer,"2021-08-09 07:59:56",0.268
7027984,"Pranshu Mittal","2021-08-07 08:26:43",0.267
6822542,oshan,"2021-07-03 14:01:15",0.267
7085399,"yang xu","2021-07-16 00:59:16",0.264
7007387,AjinkyaVnit,"2021-08-09 14:36:36",0.258
6914615,VNIT,"2021-08-09 14:31:19",0.251
7012289,"Volker Racho","2021-08-09 19:29:29",0.241
6929201,"Gleb Berjoskin","2021-07-07 12:49:09",0.240
6822261,"I'm Learning","2021-07-28 14:19:26",0.239
6860425,"kang yuzhe","2021-06-25 05:03:19",0.236
6845448,sinha,"2021-08-07 01:56:58",0.234
6891399,"Franklin Geeng","2021-07-25 01:02:22",0.233
6887281,CovidWarrior,"2021-06-29 06:25:06",0.232
6934458,jayanth0572,"2021-06-19 10:17:41",0.231
6850416,jaidmin,"2021-06-04 18:03:42",0.229
7067118,murashow,"2021-08-09 05:34:45",0.229
6877824,"Mateam 🧉","2021-06-24 02:29:05",0.227
6978447,ishaanparikh.bits,"2021-08-09 20:09:40",0.227
6829583,xps13,"2021-07-05 08:01:00",0.227
6842303,Saqqara,"2021-07-16 22:52:27",0.227
6985133,worthless_bastard,"2021-06-24 17:20:42",0.225
6886308,Eve,"2021-06-11 06:48:04",0.223
6824205,"Michael Schroter","2021-05-19 07:12:38",0.221
6826493,"Ganesh Shinde","2021-05-24 08:22:42",0.221
6824357,DataKuro,"2021-05-19 07:37:49",0.221
6817866,"Shantnu Kumar","2021-05-19 10:33:31",0.221
6830185,"JIN WOO","2021-05-19 16:56:52",0.221
6823533,BrandontheCoder,"2021-05-19 19:44:22",0.221
6828259,"Jatin Balodhi","2021-05-19 20:52:03",0.221
6818423,"Muhammad Imran Zaman","2021-05-20 13:22:32",0.221
6835808,"John Falade","2021-05-21 01:45:43",0.221
6817603,user,"2021-05-22 19:26:39",0.221
6830804,"Carl S.","2021-05-23 15:11:24",0.221
6853558,"Rasin Katta","2021-05-25 08:41:41",0.221
6856541,tmvien,"2021-06-04 05:14:34",0.221
6821216,SeuTao,"2021-06-06 09:46:50",0.221
6851770,BIGCHENG,"2021-06-15 09:10:39",0.221
6823166,"TABOUT MHAMED","2021-06-20 11:59:02",0.221
6822164,"Saurabh Dasgupta","2021-07-09 17:45:00",0.221
6843404,"[Deleted] ec70ab35-bdfe-4f2f-93fe-6e39ac4c8af8","2021-07-30 01:31:39",0.221
7143057,CollinZrj,"2021-08-09 10:13:43",0.219
6819172,"In Kyu Lee","2021-07-02 09:02:10",0.219
6924162,NeuraSearch,"2021-08-09 23:33:44",0.216
6886907,MT2,"2021-05-31 17:27:42",0.215
6818900,Quantiphi,"2021-08-09 19:56:45",0.206
7171954,Mins,"2021-08-09 07:48:23",0.206
6920420,"Dominik Schneider","2021-06-29 20:31:01",0.204
6821766,pablOberhauser,"2021-06-18 01:32:15",0.192
7114596,acainiao123,"2021-07-19 21:21:09",0.185
7094323,Feanor007,"2021-08-03 18:46:46",0.183
6885163,"Benjamin Moiroud","2021-08-09 10:14:13",0.181
7130251,Liuyiming321,"2021-08-06 08:55:00",0.181
6829069,Anabasis,"2021-08-09 02:02:51",0.179
6998661,Uncle_Donald,"2021-07-08 07:58:02",0.177
6900018,ML_Noobs,"2021-06-20 13:22:47",0.176
6892050,chohyungkwon,"2021-06-15 06:08:34",0.174
6829321,"Kazuhiro Hatano","2021-06-13 11:14:46",0.174
6849200,"Lana Ali","2021-06-15 07:51:00",0.174
6985075,"Divyanshu Chauhan","2021-06-29 06:55:07",0.174
7037645,"Tien Hoang","2021-08-02 19:42:57",0.174
7132058,"TANMAY PAL131","2021-08-09 07:02:08",0.174
7056946,"Rajesh #2","2021-08-06 14:45:28",0.174
6827346,horcham,"2021-07-09 02:57:32",0.174
6820570,mad.skidipap,"2021-06-09 16:04:01",0.171
6830977,"Vitali Burachonok","2021-06-14 15:45:50",0.160
6824662,msafi04,"2021-05-27 06:44:25",0.156
7008598,Ligia,"2021-08-06 10:10:11",0.146
7090286,SRI,"2021-07-21 22:09:59",0.134
6885374,"miriam assraf","2021-08-07 15:58:51",0.134
6975123,kiet,"2021-08-08 22:36:30",0.133
6948287,"Dom De Jonge","2021-06-27 18:33:30",0.132
6900843,haijun233,"2021-06-18 14:37:53",0.131
6836911,"David Fischinger","2021-05-28 10:08:03",0.130
6886985,alpha_pack,"2021-06-17 06:44:40",0.130
6943871,IITians,"2021-07-22 10:20:07",0.130
6997007,"（๑ `▽´๑)","2021-07-05 13:53:29",0.130
6957856,Gorski,"2021-07-21 10:19:14",0.130
6922658,Kongregate,"2021-08-09 08:28:01",0.128
6957163,junhakim,"2021-07-27 07:37:35",0.119
7020000,"Nathan Kang","2021-08-09 21:23:04",0.104
6883768,"GUT DLCV 2021","2021-06-18 10:39:31",0.098
6839606,"Constantin Ciambur","2021-08-09 20:49:10",0.095
6949970,mokp,"2021-06-20 15:58:36",0.095
6822069,"Michael Evans","2021-05-24 14:27:52",0.094
6816734,DrCapa,"2021-05-18 06:13:21",0.093
6821442,"Samovar & Kettlebell","2021-05-18 16:09:03",0.093
6822029,"Wendel Lopes","2021-05-18 17:41:33",0.093
6822523,LukeSkywalker,"2021-05-18 18:13:13",0.093
6822348,Trishita,"2021-05-18 23:34:16",0.093
6827064,Chinmay,"2021-05-19 10:50:17",0.093
6824495,NiuYugong,"2021-05-19 11:28:43",0.093
6823019,Yodlee,"2021-05-19 14:57:12",0.093
6820457,"Rupesh Deshmukh","2021-05-20 13:19:38",0.093
6839186,genesislab,"2021-05-24 07:13:23",0.093
6847873,"KOSUKE KINO","2021-05-24 14:02:34",0.093
6827370,"Yasin Naal","2021-05-30 07:13:49",0.093
6912450,"JHU AIAI","2021-05-28 02:48:26",0.093
6823155,BananaMetallurgica,"2021-05-30 14:01:11",0.093
6876279,Les+bo,"2021-06-01 20:21:27",0.093
6856062,Alessandro,"2021-06-02 19:24:39",0.093
6877244,"poggers team","2021-06-04 03:03:43",0.093
6826084,MLXTREME,"2021-06-12 21:58:16",0.093
6824243,"Cong Vo","2021-06-06 14:28:41",0.093
6903825,CHENGHAOWANG1999,"2021-06-07 06:42:43",0.093
6914943,"David  #2","2021-06-14 20:20:45",0.093
6816158,David,"2021-06-23 23:00:51",0.093
6920326,mi-figue-mi-raisin,"2021-06-14 12:55:02",0.093
6869558,J神,"2021-06-13 07:48:59",0.093
6859369,"Mahender Nakrani","2021-06-19 16:59:59",0.093
6943309,"Byungjun Yoon","2021-06-13 14:13:53",0.093
6888054,"Vadim Titko","2021-06-15 15:15:29",0.093
6965127,goofy.gf,"2021-06-16 04:01:07",0.093
6882383,"Gopal K K 1","2021-08-09 10:11:55",0.093
6974206,"the way","2021-06-17 11:55:06",0.093
6862026,"Ivar Vargas Belizario","2021-07-01 03:18:50",0.093
6883465,Chris_Lo,"2021-06-18 13:11:03",0.093
6826355,"Loki Laufeyson","2021-06-18 12:53:58",0.093
6980771,ujos89,"2021-06-19 02:53:55",0.093
6971266,betweens,"2021-06-19 21:38:55",0.093
6816633,君莫笑,"2021-07-06 01:42:09",0.093
6929698,B07902050_tunhsiang,"2021-06-23 08:11:03",0.093
6870373,"Gabriel Bianco","2021-06-23 22:01:09",0.093
6995642,MVR-bot,"2021-06-24 15:27:27",0.093
6824762,kazukilab,"2021-06-25 02:33:19",0.093
6865535,Amouna,"2021-06-28 00:35:27",0.093
7017799,"Siarhei Siniak","2021-06-30 08:13:43",0.093
6822938,deepanshu,"2021-06-30 12:01:21",0.093
7008566,"Xavier BARBIER","2021-08-09 10:48:58",0.093
6832071,"A eung-ae_aeyo","2021-08-05 11:40:24",0.093
7063091,Aleksey_postnikov,"2021-07-08 11:26:16",0.093
7012780,"be casual about it","2021-07-13 15:52:59",0.093
6977265,ASTROX100ZZ,"2021-07-11 08:49:15",0.093
7071044,Cognetics,"2021-07-29 10:35:13",0.093
6909177,AgCOVNet,"2021-08-09 17:18:18",0.093
7007979,paulWangzhendong,"2021-07-14 06:35:49",0.093
6826566,AO,"2021-07-20 20:17:14",0.093
7062704,"Ichigo Sama","2021-07-23 11:52:23",0.093
7136599,"Shungo Ikai","2021-07-25 09:00:09",0.093
7044446,Aleksey,"2021-07-28 07:24:53",0.093
7150134,"BlackPink #2","2021-08-03 02:55:35",0.093
6875242,"Dac-Thanh Van","2021-07-27 10:08:40",0.093
7164776,"Tri Labs","2021-07-30 13:50:33",0.093
7166137,ligiamarciaassraf,"2021-07-31 18:15:45",0.093
7153919,"river bok","2021-08-09 06:51:07",0.093
6959633,"Anton Zaitsev","2021-08-09 06:13:53",0.093
7170700,ProPurPle,"2021-08-02 06:15:04",0.093
7153642,"Fu Ryo","2021-08-03 21:12:55",0.093
7172838,maryameirav,"2021-08-04 12:14:11",0.093
7010604,"Javier Reinoso Velasco","2021-08-09 09:39:29",0.093
6995963,"Miriam Assraf","2021-08-03 12:12:46",0.093
7049162,"Zixian Zhou","2021-08-05 16:27:11",0.093
6887236,"Daksh Rameshkumar Solanki","2021-08-04 13:06:05",0.093
7001000,"Kaito Honda","2021-08-05 03:12:38",0.093
6962725,"Mohammad Awais Masood","2021-08-08 01:42:29",0.093
7176150,le_qoala,"2021-08-09 18:21:20",0.093
6996115,aljjy13,"2021-08-09 11:14:57",0.093
7138617,"New Nous DSL","2021-08-09 10:22:04",0.093
6825907,Lightning&GridAI,"2021-08-09 15:22:38",0.093
6852831,LuoLuyang,"2021-07-09 02:07:19",0.091
6909852,WanhengHu,"2021-07-08 03:25:55",0.085
6967653,Zelkey1111,"2021-07-30 12:08:49",0.074
6928111,"omelette du fromage","2021-06-17 12:19:38",0.061
6837073,"Naveen Rajan","2021-05-20 20:44:29",0.047
6845023,Riad,"2021-05-26 13:22:31",0.047
6871964,"[Deleted] de19c7dc-0849-4fa9-a02f-6121c529da20","2021-05-27 17:54:12",0.047
6990929,pineb1ue,"2021-06-28 13:52:09",0.047
6901827,Devs_,"2021-08-03 18:50:52",0.047
6968106,haha6ybisme,"2021-06-18 03:46:53",0.045
7043540,"Artyom Sokolov","2021-07-10 22:48:17",0.045
6859363,Sajhnne,"2021-07-12 07:07:23",0.045
6827058,yu340102,"2021-05-19 09:32:58",0.000
6816445,Malechi,"2021-05-25 07:58:22",0.000
6815470,hujianxin,"2021-06-01 09:49:08",0.000
6902505,Shadow_fax,"2021-06-03 21:10:42",0.000
6886665,Involution,"2021-06-07 12:59:44",0.000
6829205,"Christian Blüthgen","2021-06-11 23:45:37",0.000
6815374,efnetb3-unet,"2021-06-16 16:32:17",0.000
6962515,"Oleksandr Tsymbalenko","2021-06-18 13:16:08",0.000
6875018,"Evgeny Sidorov","2021-06-25 19:13:13",0.000
6962130,klavier,"2021-06-22 08:50:52",0.000
6950749,"Kia Davari","2021-06-27 20:31:51",0.000
6862486,"Ehsan #2","2021-06-28 05:20:46",0.000
6884252,"Le Thuy Trieu","2021-07-12 12:34:09",0.000
6917261,"Andern ZHU","2021-07-13 10:14:41",0.000
7088779,"Bouseng Chan","2021-07-19 11:19:11",0.000
6868081,"Jasmine Luo","2021-07-20 11:16:24",0.000
6818408,YuanXu,"2021-07-20 02:51:48",0.000
7125961,"Mai Xuan Trang","2021-07-26 14:42:00",0.000
7134664,TeamNamed,"2021-08-03 07:38:21",0.000
6841707,E_Inchin,"2021-08-09 19:18:31",0.000
6824439,"‏‏‎ ‎‏‏‎ ‎‏‏‎ ‎‏‏‎ ‎‏‏‎ ‎‏‏‎ ‎‏‏‎ ‎‏‏‎ ‎‏‏‎ ‎‏‏‎ ‎‏‏‎ ‎‏‏‎ ‎‏‏‎ ‎‏‏‎ ‎‏‏‎ ‎‏‏‎ ‎‏‏‎ ‎‏‏‎ ‎‏‏‎ ‎‏‏‎ ‏‏‎ ‎‏‏‎ ‎‏‏‎ ‎‏‏‎ ‎‏‏‎ ‎‏‏‎ ‎‏‏‎ ‎‏‏‎ ‎‏‏‎ ‎‏‏‎ ‎‏‏‎ ‎‏‏‎ ‎‏‏‎ ‎‏‏‎ ‎‏‏‎ ‎‏‏‎ ‎‏‏‎ ‎‏‏‎ ‎‏‏‎ ‎‏‏‎ ‎‏‏‎ ‎‏‏‎ ‎‏‏‎ ‎‏‏‎ ‎'","2021-08-08 21:23:14",0.000
6911168,benkarr,"2021-08-09 22:43:20",0.000
